index1,index2,match_score,address,address_match
116,117,86.85947060585022,650-7555 Pharetra. Ave,650-7555 Phatra. Ave
116,118,62.44572401046753,650-7555 Pharetra. Ave,650-7555 Phatra
116,119,85.96190214157104,650-7555 Pharetra. Ave,650-7555 Phatra Ave
117,118,80.14860153198242,650-7555 Phatra. Ave,650-7555 Phatra
117,119,98.20043444633484,650-7555 Phatra. Ave,650-7555 Phatra Ave
118,119,75.91533660888672,650-7555 Phatra,650-7555 Phatra Ave
