index1,index2,match_score,address,address_match
116,117,95.23809523809523,650-7555 Pharetra. Ave,650-7555 Phatra. Ave
116,118,81.08108108108108,650-7555 Pharetra. Ave,650-7555 Phatra
116,119,92.6829268292683,650-7555 Pharetra. Ave,650-7555 Phatra Ave
117,118,95.0,650-7555 Phatra. Ave,650-7555 Phatra
117,119,97.43589743589743,650-7555 Phatra. Ave,650-7555 Phatra Ave
118,119,95.0,650-7555 Phatra,650-7555 Phatra Ave
